{"stats":{"minecraft:killed":{"minecraft:pig":4,"minecraft:sheep":3,"minecraft:skeleton":5,"minecraft:chicken":2},"minecraft:dropped":{"minecraft:iron_ingot":1,"minecraft:iron_sword":1,"minecraft:acacia_wood":1,"minecraft:lever":2,"minecraft:cooked_mutton":4,"minecraft:wooden_axe":1,"minecraft:pink_petals":5,"minecraft:spruce_sapling":3},"minecraft:killed_by":{"minecraft:skeleton":1},"minecraft:picked_up":{"minecraft:wooden_axe":1,"minecraft:chicken":2,"minecraft:pink_petals":10,"minecraft:crafting_table":3,"minecraft:iron_door":1,"minecraft:redstone_block":1,"minecraft:repeater":11,"minecraft:cherry_planks":15,"minecraft:tripwire_hook":1,"minecraft:redstone_lamp":4,"minecraft:brown_mushroom":3,"minecraft:chiseled_quartz_block":1,"minecraft:acacia_wood":3,"minecraft:gray_concrete":4,"minecraft:string":8,"minecraft:iron_leggings":1,"minecraft:cooked_mutton":6,"minecraft:sticky_piston":3,"minecraft:bone":9,"minecraft:bow":1,"minecraft:comparator":1,"minecraft:iron_ingot":24,"minecraft:redstone_torch":2,"minecraft:observer":2,"minecraft:smooth_quartz":6,"minecraft:iron_pickaxe":1,"minecraft:iron_sword":2,"minecraft:piston":2,"minecraft:furnace":8,"minecraft:stick":2,"minecraft:cooked_porkchop":4,"minecraft:sweet_berries":2,"patchouli:guide_book":1,"minecraft:torch":5,"minecraft:note_block":2,"minecraft:porkchop":6,"minecraft:spruce_sapling":4,"minecraft:cherry_log":6,"minecraft:white_bed":1,"minecraft:spruce_log":6,"minecraft:redstone":31,"iceandfire:dragon_skull_ice":1,"minecraft:light_gray_concrete":1,"minecraft:arrow":38,"minecraft:dispenser":3,"minecraft:diamond":1,"minecraft:lever":2,"minecraft:iron_helmet":1,"the_bumblezone:pollen_puff":16,"minecraft:hopper":2,"minecraft:mutton":7,"minecraft:coal":4,"minecraft:white_wool":6,"minecraft:cobblestone":1},"minecraft:mined":{"minecraft:brown_mushroom":3,"minecraft:redstone_block":1,"minecraft:white_bed":1,"minecraft:gray_concrete":4,"minecraft:comparator":1,"minecraft:cherry_log":6,"minecraft:observer":2,"minecraft:chiseled_quartz_block":1,"the_bumblezone:pile_of_pollen":48,"minecraft:crafting_table":2,"minecraft:note_block":2,"minecraft:redstone_wire":29,"minecraft:tall_grass":1,"minecraft:spruce_leaves":8,"minecraft:hopper":2,"minecraft:iron_door":1,"minecraft:pink_petals":2,"minecraft:repeater":10,"minecraft:furnace":8,"minecraft:light_gray_stained_glass":6,"minecraft:redstone_torch":1,"minecraft:acacia_wood":1,"minecraft:spruce_log":3,"minecraft:grass":1,"minecraft:coal_ore":4,"minecraft:cherry_leaves":1,"minecraft:light_gray_concrete":1,"minecraft:smooth_quartz":6,"minecraft:cobweb":6,"minecraft:tripwire_hook":1,"minecraft:dispenser":3,"minecraft:redstone_wall_torch":1,"minecraft:white_wool":1,"minecraft:piston":2,"minecraft:tripwire":2,"minecraft:redstone_lamp":4},"minecraft:used":{"minecraft:cooked_mutton":2,"minecraft:iron_sword":53,"minecraft:white_wool":1,"minecraft:torch":3,"minecraft:crafting_table":4,"minecraft:white_bed":1,"minecraft:wooden_axe":45,"minecraft:iron_pickaxe":168,"minecraft:iron_helmet":1,"minecraft:sweet_berries":2,"minecraft:porkchop":2,"minecraft:cooked_porkchop":4},"minecraft:custom":{"minecraft:interact_with_furnace":3,"minecraft:mob_kills":14,"minecraft:interact_with_crafting_table":9,"minecraft:interact_with_campfire":10,"minecraft:leave_game":2,"minecraft:time_since_death":30278,"minecraft:climb_one_cm":10988,"minecraft:time_since_rest":30418,"minecraft:sprint_one_cm":77372,"minecraft:damage_taken":972,"minecraft:walk_one_cm":117931,"minecraft:drop":14,"minecraft:damage_dealt":1783,"minecraft:play_noteblock":2,"minecraft:fly_one_cm":34925,"minecraft:open_chest":9,"minecraft:crouch_one_cm":10340,"minecraft:play_time":37534,"minecraft:deaths":1,"minecraft:sneak_time":2996,"minecraft:jump":247,"minecraft:total_world_time":37534,"minecraft:fall_one_cm":5460},"minecraft:crafted":{"minecraft:spruce_planks":4,"minecraft:iron_helmet":1,"minecraft:iron_boots":1,"minecraft:iron_chestplate":1,"minecraft:shield":1,"minecraft:wooden_axe":1,"minecraft:white_bed":1}},"DataVersion":3465}