{"stats":{"minecraft:killed":{"minecraft:skeleton":1,"minecraft:sheep":3,"minecraft:pig":4},"minecraft:dropped":{"minecraft:cooked_mutton":4},"minecraft:killed_by":{"minecraft:skeleton":1},"minecraft:picked_up":{"minecraft:pink_petals":10,"minecraft:stick":2,"minecraft:crafting_table":2,"minecraft:cooked_porkchop":4,"minecraft:cherry_planks":15,"patchouli:guide_book":1,"minecraft:acacia_wood":2,"minecraft:porkchop":6,"minecraft:cherry_log":6,"minecraft:spruce_sapling":2,"minecraft:spruce_log":6,"minecraft:cooked_mutton":6,"minecraft:arrow":2,"minecraft:bow":1,"minecraft:iron_ingot":6,"minecraft:iron_pickaxe":1,"minecraft:mutton":6,"minecraft:iron_sword":1,"minecraft:coal":4,"minecraft:white_wool":4,"minecraft:cobblestone":1,"minecraft:furnace":1},"minecraft:used":{"minecraft:cooked_mutton":2,"minecraft:wooden_axe":37,"minecraft:iron_pickaxe":10,"minecraft:iron_helmet":1,"minecraft:iron_sword":3,"minecraft:white_wool":1,"minecraft:crafting_table":2,"minecraft:porkchop":2},"minecraft:mined":{"minecraft:pink_petals":2,"minecraft:furnace":1,"minecraft:cherry_log":6,"minecraft:acacia_wood":1,"minecraft:spruce_log":3,"minecraft:crafting_table":1,"minecraft:grass":1,"minecraft:coal_ore":4,"minecraft:cherry_leaves":1,"minecraft:spruce_leaves":8,"minecraft:white_wool":1},"minecraft:custom":{"minecraft:time_since_rest":6647,"minecraft:interact_with_furnace":2,"minecraft:sprint_one_cm":55310,"minecraft:damage_taken":533,"minecraft:walk_one_cm":31985,"minecraft:mob_kills":8,"minecraft:drop":4,"minecraft:damage_dealt":696,"minecraft:interact_with_crafting_table":3,"minecraft:fly_one_cm":27870,"minecraft:open_chest":2,"minecraft:crouch_one_cm":35,"minecraft:play_time":13763,"minecraft:interact_with_campfire":10,"minecraft:deaths":1,"minecraft:sneak_time":165,"minecraft:jump":141,"minecraft:leave_game":1,"minecraft:time_since_death":6507,"minecraft:total_world_time":13763,"minecraft:climb_one_cm":1121,"minecraft:fall_one_cm":4241},"minecraft:crafted":{"minecraft:shield":1,"minecraft:iron_helmet":1,"minecraft:wooden_axe":1}},"DataVersion":3465}