{"stats":{"minecraft:killed":{"minecraft:cave_spider":2,"minecraft:spider":1,"the_bumblezone:honey_slime":17,"minecraft:skeleton":5,"minecraft:chicken":2,"minecraft:pig":4,"minecraft:sheep":3},"minecraft:dropped":{"minecraft:iron_ingot":1,"minecraft:iron_sword":1,"minecraft:acacia_wood":1,"minecraft:brown_mushroom":3,"minecraft:item_frame":1,"minecraft:wooden_axe":1,"minecraft:iron_door":1,"the_bumblezone:porous_honeycomb_block":2,"minecraft:pink_petals":5,"minecraft:spruce_sapling":3,"minecraft:bone":9,"minecraft:gravel":3,"minecraft:lever":2,"minecraft:bowl":1,"minecraft:comparator":1,"minecraft:cooked_mutton":4,"minecraft:light_gray_concrete":1,"the_bumblezone:stinger_spear":1,"the_bumblezone:carvable_wax":1},"minecraft:killed_by":{"minecraft:spider":1,"minecraft:skeleton":1},"minecraft:picked_up":{"minecraft:wooden_axe":1,"the_bumblezone:porous_honeycomb_block":14,"minecraft:crafting_table":5,"minecraft:redstone_block":2,"minecraft:chicken":2,"the_bumblezone:honey_crystal_shards":79,"minecraft:redstone_lamp":19,"minecraft:brown_mushroom":3,"minecraft:shield":1,"minecraft:string":22,"minecraft:iron_axe":1,"minecraft:iron_leggings":1,"minecraft:sticky_piston":11,"minecraft:item_frame":1,"minecraft:comparator":1,"minecraft:redstone_torch":2,"minecraft:observer":4,"minecraft:smooth_quartz":8,"minecraft:iron_pickaxe":2,"the_bumblezone:bee_cannon":2,"minecraft:piston":14,"minecraft:furnace":15,"minecraft:stick":4,"minecraft:torch":7,"minecraft:note_block":4,"minecraft:porkchop":6,"minecraft:honeycomb_block":10,"minecraft:cherry_log":6,"minecraft:redstone":90,"iceandfire:dragon_skull_ice":1,"minecraft:arrow":74,"the_bumblezone:carvable_wax_chains":3,"minecraft:mutton":7,"minecraft:white_wool":6,"minecraft:cobblestone":1,"minecraft:pink_petals":10,"minecraft:repeater":22,"minecraft:cherry_planks":52,"minecraft:iron_door":1,"minecraft:tripwire_hook":1,"the_bumblezone:carvable_wax_diamond":4,"minecraft:chiseled_quartz_block":2,"minecraft:acacia_wood":3,"the_bumblezone:honey_bucket":1,"minecraft:flint":2,"minecraft:yellow_bed":1,"the_bumblezone:super_candle_purple":2,"minecraft:gray_concrete":10,"minecraft:cooked_mutton":6,"minecraft:bone":9,"the_bumblezone:stinger_spear":1,"minecraft:acacia_planks":4,"minecraft:bow":1,"minecraft:iron_ingot":25,"the_bumblezone:bee_bread":4,"minecraft:iron_sword":3,"minecraft:honeycomb":8,"the_bumblezone:carvable_wax":6,"minecraft:cooked_porkchop":4,"minecraft:sweet_berries":2,"patchouli:guide_book":1,"minecraft:gravel":3,"minecraft:spruce_sapling":4,"minecraft:white_bed":2,"minecraft:spruce_log":6,"minecraft:spider_eye":2,"minecraft:light_gray_concrete":3,"minecraft:dispenser":6,"minecraft:sugar":16,"minecraft:slime_ball":6,"minecraft:diamond":2,"minecraft:lever":2,"minecraft:iron_helmet":2,"the_bumblezone:pollen_puff":116,"minecraft:coal":10,"minecraft:hopper":4},"minecraft:mined":{"minecraft:white_bed":1,"the_bumblezone:string_curtain_brown":3,"minecraft:cherry_log":6,"the_bumblezone:glistering_honey_crystal":18,"minecraft:redstone_wire":29,"the_bumblezone:filled_porous_honeycomb_block":4,"the_bumblezone:carvable_wax":8,"minecraft:spruce_leaves":8,"minecraft:hopper":2,"the_bumblezone:pile_of_pollen_suspicious":1,"minecraft:furnace":8,"minecraft:acacia_wood":1,"minecraft:light_gray_concrete":2,"the_bumblezone:honey_crystal":33,"minecraft:white_wool":4,"minecraft:redstone_wall_torch":1,"minecraft:tripwire":2,"minecraft:redstone_block":1,"minecraft:brown_mushroom":3,"minecraft:gray_concrete":8,"minecraft:cherry_planks":37,"minecraft:comparator":1,"minecraft:observer":2,"minecraft:chiseled_quartz_block":2,"the_bumblezone:pile_of_pollen":310,"minecraft:crafting_table":4,"minecraft:note_block":2,"minecraft:tall_grass":1,"minecraft:honeycomb_block":25,"minecraft:iron_door":1,"minecraft:amethyst_block":24,"the_bumblezone:porous_honeycomb_block":9,"minecraft:pink_petals":2,"minecraft:repeater":10,"minecraft:light_gray_stained_glass":6,"minecraft:redstone_torch":1,"minecraft:spruce_log":3,"minecraft:yellow_bed":1,"minecraft:grass":1,"the_bumblezone:ancient_wax_diamond_stairs":1,"minecraft:coal_ore":4,"minecraft:cherry_leaves":1,"minecraft:gravel":4,"minecraft:smooth_quartz":8,"minecraft:cobweb":6,"minecraft:tripwire_hook":1,"minecraft:acacia_planks":4,"minecraft:dispenser":3,"the_bumblezone:super_candle_base_purple":7,"minecraft:piston":2,"minecraft:redstone_lamp":4},"minecraft:used":{"the_bumblezone:bee_soup":1,"the_bumblezone:bee_bread":4,"minecraft:iron_shovel":250,"iceandfire:dragon_skull_ice":1,"minecraft:spruce_planks":4,"minecraft:iron_sword":103,"minecraft:torch":3,"minecraft:mutton":1,"the_bumblezone:porous_honeycomb_block":12,"minecraft:wooden_axe":62,"minecraft:iron_axe":62,"minecraft:iron_helmet":1,"minecraft:smooth_quartz":8,"the_bumblezone:carvable_wax":5,"minecraft:honeycomb_block":10,"minecraft:sweet_berries":2,"minecraft:acacia_planks":8,"minecraft:cooked_mutton":2,"the_bumblezone:honey_crystal_shards":19,"the_bumblezone:stinger_spear":6,"minecraft:cherry_planks":37,"minecraft:white_wool":1,"the_bumblezone:pollen_puff":108,"minecraft:crafting_table":6,"minecraft:white_bed":1,"minecraft:chiseled_quartz_block":1,"minecraft:gray_concrete":4,"minecraft:light_gray_concrete":2,"minecraft:chicken":2,"minecraft:iron_pickaxe":236,"minecraft:cooked_porkchop":4,"minecraft:porkchop":2,"minecraft:yellow_bed":1,"the_bumblezone:carvable_wax_chains":1},"minecraft:broken":{"minecraft:iron_shovel":1,"minecraft:wooden_axe":1},"minecraft:custom":{"minecraft:mob_kills":35,"minecraft:interact_with_crafting_table":13,"minecraft:interact_with_campfire":10,"minecraft:leave_game":3,"minecraft:time_since_death":458,"minecraft:climb_one_cm":11372,"minecraft:sprint_one_cm":149460,"minecraft:walk_one_cm":249360,"minecraft:drop":33,"minecraft:play_noteblock":2,"minecraft:play_time":109298,"minecraft:deaths":2,"minecraft:sneak_time":17050,"minecraft:walk_under_water_one_cm":5453,"minecraft:boat_one_cm":61678,"minecraft:jump":1032,"minecraft:walk_on_water_one_cm":3645,"minecraft:total_world_time":109298,"minecraft:interact_with_furnace":3,"minecraft:sleep_in_bed":1,"minecraft:time_since_rest":574,"minecraft:damage_taken":1714,"minecraft:damage_dealt":2829,"minecraft:swim_one_cm":24021,"minecraft:fly_one_cm":77474,"minecraft:open_chest":9,"minecraft:crouch_one_cm":46767,"minecraft:fall_one_cm":21088},"minecraft:crafted":{"the_bumblezone:stinger_spear":1,"minecraft:iron_boots":1,"minecraft:iron_axe":1,"minecraft:spruce_planks":4,"minecraft:iron_helmet":1,"minecraft:iron_chestplate":1,"minecraft:shield":1,"minecraft:stick":8,"minecraft:wooden_axe":1,"minecraft:iron_shovel":1,"minecraft:white_bed":1}},"DataVersion":3465}