{"stats":{"minecraft:killed":{"minecraft:pig":4,"minecraft:sheep":3,"minecraft:skeleton":5,"minecraft:chicken":2},"minecraft:dropped":{"minecraft:brown_mushroom":3,"minecraft:iron_ingot":1,"minecraft:iron_sword":1,"minecraft:acacia_wood":1,"minecraft:lever":2,"minecraft:bowl":1,"minecraft:comparator":1,"minecraft:cooked_mutton":4,"minecraft:light_gray_concrete":1,"minecraft:wooden_axe":1,"minecraft:iron_door":1,"the_bumblezone:stinger_spear":1,"the_bumblezone:porous_honeycomb_block":2,"minecraft:pink_petals":5,"minecraft:gravel":3,"minecraft:spruce_sapling":3},"minecraft:killed_by":{"minecraft:skeleton":1},"minecraft:picked_up":{"minecraft:wooden_axe":1,"minecraft:chicken":2,"minecraft:pink_petals":10,"minecraft:crafting_table":5,"minecraft:iron_door":1,"minecraft:redstone_block":1,"minecraft:repeater":11,"minecraft:cherry_planks":52,"minecraft:tripwire_hook":1,"minecraft:redstone_lamp":4,"minecraft:brown_mushroom":3,"minecraft:chiseled_quartz_block":2,"minecraft:acacia_wood":3,"the_bumblezone:honey_bucket":1,"minecraft:flint":1,"minecraft:yellow_bed":1,"minecraft:gray_concrete":7,"minecraft:string":9,"the_bumblezone:stinger_spear":1,"minecraft:item_frame":1,"minecraft:iron_leggings":1,"minecraft:cooked_mutton":6,"minecraft:sticky_piston":3,"minecraft:bone":9,"minecraft:acacia_planks":4,"minecraft:bow":1,"minecraft:comparator":1,"minecraft:iron_ingot":24,"the_bumblezone:bee_cannon":1,"the_bumblezone:bee_bread":1,"minecraft:redstone_torch":2,"minecraft:observer":2,"minecraft:smooth_quartz":8,"minecraft:iron_pickaxe":1,"minecraft:iron_sword":2,"minecraft:piston":2,"minecraft:furnace":8,"minecraft:stick":2,"minecraft:cooked_porkchop":4,"minecraft:sweet_berries":2,"patchouli:guide_book":1,"minecraft:gravel":3,"minecraft:torch":5,"minecraft:note_block":2,"minecraft:honeycomb_block":3,"minecraft:porkchop":6,"minecraft:spruce_sapling":4,"minecraft:cherry_log":6,"minecraft:white_bed":1,"minecraft:spruce_log":6,"minecraft:redstone":31,"iceandfire:dragon_skull_ice":1,"minecraft:light_gray_concrete":3,"minecraft:arrow":38,"minecraft:dispenser":3,"minecraft:diamond":1,"minecraft:lever":2,"minecraft:iron_helmet":2,"the_bumblezone:pollen_puff":41,"minecraft:hopper":2,"minecraft:mutton":7,"minecraft:coal":4,"minecraft:white_wool":6,"minecraft:cobblestone":1,"the_bumblezone:porous_honeycomb_block":2},"minecraft:mined":{"minecraft:brown_mushroom":3,"minecraft:redstone_block":1,"minecraft:white_bed":1,"minecraft:gray_concrete":8,"minecraft:cherry_planks":37,"minecraft:comparator":1,"the_bumblezone:string_curtain_brown":1,"minecraft:cherry_log":6,"minecraft:observer":2,"minecraft:chiseled_quartz_block":2,"the_bumblezone:pile_of_pollen":91,"minecraft:crafting_table":4,"minecraft:note_block":2,"minecraft:redstone_wire":29,"minecraft:honeycomb_block":3,"minecraft:tall_grass":1,"minecraft:spruce_leaves":8,"minecraft:hopper":2,"minecraft:iron_door":1,"the_bumblezone:porous_honeycomb_block":3,"minecraft:pink_petals":2,"minecraft:repeater":10,"minecraft:furnace":8,"minecraft:light_gray_stained_glass":6,"minecraft:redstone_torch":1,"minecraft:acacia_wood":1,"minecraft:spruce_log":3,"minecraft:yellow_bed":1,"minecraft:grass":1,"minecraft:coal_ore":4,"minecraft:cherry_leaves":1,"minecraft:gravel":4,"minecraft:light_gray_concrete":2,"minecraft:smooth_quartz":8,"minecraft:cobweb":6,"the_bumblezone:honey_crystal":1,"minecraft:acacia_planks":4,"minecraft:tripwire_hook":1,"minecraft:dispenser":3,"minecraft:redstone_wall_torch":1,"minecraft:white_wool":1,"minecraft:piston":2,"minecraft:tripwire":2,"minecraft:redstone_lamp":4},"minecraft:used":{"the_bumblezone:bee_soup":1,"minecraft:cooked_mutton":2,"iceandfire:dragon_skull_ice":1,"the_bumblezone:stinger_spear":3,"minecraft:spruce_planks":2,"minecraft:cherry_planks":17,"minecraft:iron_sword":70,"minecraft:white_wool":1,"minecraft:torch":3,"the_bumblezone:pollen_puff":41,"minecraft:crafting_table":6,"minecraft:white_bed":1,"minecraft:chiseled_quartz_block":1,"minecraft:gray_concrete":4,"minecraft:wooden_axe":62,"minecraft:iron_axe":62,"minecraft:light_gray_concrete":2,"minecraft:iron_pickaxe":188,"minecraft:iron_helmet":1,"minecraft:smooth_quartz":8,"minecraft:sweet_berries":2,"minecraft:porkchop":2,"minecraft:cooked_porkchop":4,"minecraft:iron_shovel":4,"minecraft:acacia_planks":4},"minecraft:broken":{"minecraft:wooden_axe":1},"minecraft:custom":{"minecraft:interact_with_furnace":3,"minecraft:mob_kills":14,"minecraft:interact_with_crafting_table":12,"minecraft:interact_with_campfire":10,"minecraft:leave_game":2,"minecraft:time_since_death":54278,"minecraft:climb_one_cm":10988,"minecraft:time_since_rest":54418,"minecraft:sprint_one_cm":86316,"minecraft:damage_taken":1102,"minecraft:walk_one_cm":156685,"minecraft:drop":22,"minecraft:damage_dealt":1813,"minecraft:play_noteblock":2,"minecraft:fly_one_cm":39254,"minecraft:open_chest":9,"minecraft:crouch_one_cm":25875,"minecraft:play_time":61534,"minecraft:deaths":1,"minecraft:sneak_time":9712,"minecraft:jump":467,"minecraft:total_world_time":61534,"minecraft:fall_one_cm":9730},"minecraft:crafted":{"minecraft:spruce_planks":4,"the_bumblezone:stinger_spear":1,"minecraft:iron_helmet":1,"minecraft:iron_boots":1,"minecraft:iron_chestplate":1,"minecraft:shield":1,"minecraft:iron_axe":1,"minecraft:stick":8,"minecraft:wooden_axe":1,"minecraft:iron_shovel":1,"minecraft:white_bed":1}},"DataVersion":3465}