{"stats":{"minecraft:killed":{"minecraft:pig":4,"minecraft:sheep":3,"minecraft:skeleton":5},"minecraft:dropped":{"minecraft:iron_sword":1,"minecraft:acacia_wood":1,"minecraft:cooked_mutton":4,"minecraft:pink_petals":5,"minecraft:spruce_sapling":3},"minecraft:killed_by":{"minecraft:skeleton":1},"minecraft:picked_up":{"minecraft:wooden_axe":1,"minecraft:pink_petals":10,"minecraft:crafting_table":3,"minecraft:cherry_planks":15,"minecraft:tripwire_hook":1,"minecraft:acacia_wood":3,"minecraft:string":2,"minecraft:iron_leggings":1,"minecraft:cooked_mutton":6,"minecraft:sticky_piston":3,"minecraft:bone":9,"minecraft:bow":1,"minecraft:iron_ingot":24,"minecraft:observer":2,"minecraft:smooth_quartz":1,"minecraft:iron_pickaxe":1,"minecraft:iron_sword":2,"minecraft:furnace":1,"minecraft:stick":2,"minecraft:cooked_porkchop":4,"minecraft:sweet_berries":2,"patchouli:guide_book":1,"minecraft:torch":5,"minecraft:porkchop":6,"minecraft:spruce_sapling":4,"minecraft:cherry_log":6,"minecraft:spruce_log":6,"minecraft:redstone":2,"minecraft:arrow":38,"minecraft:dispenser":1,"minecraft:iron_helmet":1,"minecraft:mutton":7,"minecraft:coal":4,"minecraft:white_wool":6,"minecraft:cobblestone":1},"minecraft:mined":{"minecraft:cherry_log":6,"minecraft:observer":2,"minecraft:crafting_table":2,"minecraft:spruce_leaves":8,"minecraft:pink_petals":2,"minecraft:furnace":1,"minecraft:acacia_wood":1,"minecraft:spruce_log":3,"minecraft:grass":1,"minecraft:coal_ore":4,"minecraft:cherry_leaves":1,"minecraft:smooth_quartz":1,"minecraft:tripwire_hook":1,"minecraft:dispenser":1,"minecraft:white_wool":1,"minecraft:tripwire":2},"minecraft:used":{"minecraft:cooked_mutton":2,"minecraft:iron_sword":37,"minecraft:white_wool":1,"minecraft:torch":3,"minecraft:crafting_table":4,"minecraft:white_bed":1,"minecraft:wooden_axe":39,"minecraft:iron_pickaxe":20,"minecraft:iron_helmet":1,"minecraft:sweet_berries":2,"minecraft:porkchop":2,"minecraft:cooked_porkchop":3},"minecraft:custom":{"minecraft:interact_with_furnace":3,"minecraft:mob_kills":12,"minecraft:interact_with_crafting_table":9,"minecraft:interact_with_campfire":10,"minecraft:leave_game":2,"minecraft:time_since_death":18278,"minecraft:climb_one_cm":10804,"minecraft:time_since_rest":18418,"minecraft:sprint_one_cm":62785,"minecraft:damage_taken":912,"minecraft:walk_one_cm":74833,"minecraft:drop":10,"minecraft:damage_dealt":1703,"minecraft:fly_one_cm":29183,"minecraft:open_chest":6,"minecraft:crouch_one_cm":6802,"minecraft:play_time":25534,"minecraft:deaths":1,"minecraft:sneak_time":1871,"minecraft:jump":174,"minecraft:total_world_time":25534,"minecraft:fall_one_cm":4241},"minecraft:crafted":{"minecraft:spruce_planks":4,"minecraft:iron_helmet":1,"minecraft:iron_boots":1,"minecraft:iron_chestplate":1,"minecraft:shield":1,"minecraft:wooden_axe":1,"minecraft:white_bed":1}},"DataVersion":3465}