{"stats":{"minecraft:killed":{"minecraft:sheep":3},"minecraft:killed_by":{"minecraft:skeleton":1},"minecraft:picked_up":{"minecraft:wooden_axe":1,"minecraft:pink_petals":81,"minecraft:stick":7,"minecraft:crafting_table":3,"iceandfire:dragonbone":3,"minecraft:cherry_planks":70,"minecraft:wooden_pickaxe":1,"minecraft:jungle_planks":8,"minecraft:cherry_log":14,"minecraft:white_bed":1,"minecraft:dark_oak_log":1,"minecraft:dirt":4,"iceandfire:dragon_skull_ice":1,"minecraft:acacia_planks":12,"minecraft:wheat_seeds":6,"minecraft:peony":2,"minecraft:cherry_sapling":1,"minecraft:bamboo":16,"minecraft:chest":2,"minecraft:mutton":3,"minecraft:oak_planks":1,"minecraft:white_wool":3},"minecraft:used":{"minecraft:wooden_axe":40,"minecraft:bread":3,"minecraft:cherry_planks":14,"minecraft:dirt":2,"minecraft:crafting_table":2,"minecraft:white_bed":1},"minecraft:mined":{"minecraft:pink_petals":19,"minecraft:white_bed":1,"minecraft:cherry_planks":14,"minecraft:cherry_log":14,"minecraft:crafting_table":2,"minecraft:peony":2,"minecraft:grass":4,"minecraft:grass_block":1,"minecraft:chest":1,"minecraft:cherry_leaves":11,"minecraft:dirt":2,"minecraft:tall_grass":11,"minecraft:bamboo":1},"minecraft:custom":{"minecraft:time_since_rest":6682,"minecraft:sprint_one_cm":61030,"minecraft:damage_taken":530,"minecraft:walk_one_cm":26947,"minecraft:mob_kills":3,"minecraft:damage_dealt":262,"minecraft:swim_one_cm":2870,"minecraft:fly_one_cm":146496,"minecraft:interact_with_crafting_table":3,"minecraft:open_chest":1,"minecraft:crouch_one_cm":3,"minecraft:play_time":18539,"minecraft:deaths":2,"minecraft:sneak_time":2,"minecraft:walk_under_water_one_cm":159,"minecraft:jump":543,"minecraft:leave_game":4,"minecraft:time_since_death":8436,"minecraft:walk_on_water_one_cm":80,"minecraft:sleep_in_bed":1,"minecraft:total_world_time":18723,"minecraft:fall_one_cm":14644},"minecraft:crafted":{"minecraft:stick":7,"minecraft:white_bed":1,"minecraft:acacia_planks":12}},"DataVersion":3465}