{"stats":{"minecraft:killed_by":{"minecraft:skeleton":1},"minecraft:picked_up":{"minecraft:pink_petals":42,"minecraft:crafting_table":1,"minecraft:cherry_planks":14,"minecraft:peony":1,"minecraft:wheat_seeds":3,"minecraft:cherry_sapling":1,"minecraft:cherry_log":14,"minecraft:bamboo":15,"minecraft:chest":1,"minecraft:dirt":3},"minecraft:used":{"minecraft:wooden_axe":34,"minecraft:dirt":2,"minecraft:crafting_table":1,"minecraft:cherry_planks":14},"minecraft:mined":{"minecraft:pink_petals":19,"minecraft:grass":4,"minecraft:grass_block":1,"minecraft:chest":1,"minecraft:cherry_planks":14,"minecraft:cherry_leaves":9,"minecraft:dirt":2,"minecraft:tall_grass":11,"minecraft:cherry_log":14,"minecraft:bamboo":1,"minecraft:peony":1,"minecraft:crafting_table":1},"minecraft:custom":{"minecraft:open_chest":1,"minecraft:time_since_rest":829,"minecraft:play_time":9939,"minecraft:sprint_one_cm":21875,"minecraft:damage_taken":490,"minecraft:deaths":2,"minecraft:walk_one_cm":11478,"minecraft:jump":208,"minecraft:leave_game":4,"minecraft:time_since_death":0,"minecraft:total_world_time":10123,"minecraft:interact_with_crafting_table":1,"minecraft:fall_one_cm":7228,"minecraft:fly_one_cm":47473},"minecraft:crafted":{"minecraft:acacia_planks":12,"minecraft:stick":7}},"DataVersion":3465}