{"stats":{"minecraft:used":{"minecraft:dirt":3,"minecraft:potion":1,"minecraft:dark_oak_log":2,"minecraft:crafting_table":1,"minecraft:goat_horn":1,"minecraft:iron_helmet":1,"minecraft:purple_wool":2},"minecraft:dropped":{"deeperdarker:heart_of_the_deep":1},"minecraft:custom":{"minecraft:open_barrel":1,"minecraft:time_since_rest":16891,"minecraft:open_chest":6,"minecraft:crouch_one_cm":30,"minecraft:play_time":22937,"minecraft:sprint_one_cm":24324,"minecraft:deaths":3,"minecraft:damage_taken":1038,"minecraft:walk_one_cm":26755,"minecraft:sneak_time":574,"minecraft:walk_under_water_one_cm":3778,"minecraft:drop":1,"minecraft:jump":259,"minecraft:damage_dealt":20,"minecraft:leave_game":1,"minecraft:walk_on_water_one_cm":955,"minecraft:time_since_death":19291,"minecraft:sleep_in_bed":1,"minecraft:total_world_time":22937,"minecraft:interact_with_crafting_table":2,"minecraft:fall_one_cm":7630,"minecraft:fly_one_cm":264793},"minecraft:mined":{"minecraft:purple_wool":3,"minecraft:grass_block":2,"minecraft:dirt":1,"minecraft:oak_leaves":3},"minecraft:killed_by":{"minecraft:vindicator":2,"minecraft:pillager":1},"minecraft:crafted":{"minecraft:crafting_table":1},"minecraft:picked_up":{"minecraft:purple_wool":3,"patchouli:guide_book":1,"deeperdarker:heart_of_the_deep":1,"minecraft:dirt":3}},"DataVersion":3465}