{"stats":{"minecraft:killed":{"minecraft:cave_spider":3,"minecraft:spider":23,"the_bumblezone:honey_slime":7,"minecraft:skeleton":21,"minecraft:bee":1,"minecraft:sheep":3,"minecraft:zombie":1},"minecraft:dropped":{"minecraft:iron_ingot":24,"minecraft:iron_sword":1,"the_bumblezone:pollen_puff":45,"minecraft:iron_helmet":1,"minecraft:torch":5,"minecraft:mutton":3,"minecraft:iron_leggings":1,"minecraft:iron_pickaxe":1,"minecraft:pink_petals":10,"minecraft:white_wool":1,"minecraft:honeycomb_block":1,"minecraft:gravel":4,"minecraft:rotten_flesh":6,"the_bumblezone:bee_bread":3,"the_bumblezone:super_candle_purple":2,"minecraft:bamboo":1},"minecraft:killed_by":{"minecraft:spider":4,"minecraft:skeleton":4},"minecraft:picked_up":{"minecraft:wooden_axe":3,"the_bumblezone:porous_honeycomb_block":79,"minecraft:crafting_table":7,"minecraft:coarse_dirt":1,"minecraft:bee_nest":1,"the_bumblezone:honey_crystal_shards":77,"minecraft:redstone_lamp":18,"minecraft:wooden_pickaxe":3,"minecraft:wither_rose":12,"minecraft:stone_brick_stairs":10,"minecraft:shield":2,"minecraft:amethyst_block":40,"minecraft:music_disc_cat":1,"minecraft:string":54,"the_bumblezone:honey_slime_spawn_egg":4,"minecraft:item_frame":28,"minecraft:comparator":44,"minecraft:redstone_torch":12,"minecraft:calcite":10,"minecraft:iron_pickaxe":1,"minecraft:coal_block":32,"minecraft:chest":4,"minecraft:piston":1,"minecraft:stick":33,"iceandfire:dragonbone":66,"exposure:photograph":3,"minecraft:torch":5,"minecraft:sandstone_wall":1,"minecraft:honeycomb_block":415,"minecraft:cherry_log":15,"minecraft:redstone":243,"the_bumblezone:bee_stinger":42,"iceandfire:dragon_skull_ice":7,"minecraft:arrow":61,"minecraft:beetroot_seeds":21,"minecraft:peony":3,"minecraft:diamond_boots":1,"minecraft:saddle":3,"minecraft:gold_ingot":182,"minecraft:obsidian":60,"minecraft:mutton":3,"minecraft:skeleton_skull":6,"minecraft:white_wool":43,"minecraft:cobblestone":10,"minecraft:pink_petals":130,"minecraft:jungle_boat":7,"minecraft:repeater":44,"minecraft:cherry_planks":234,"minecraft:brown_wool":8,"the_bumblezone:carvable_wax_diamond":10,"minecraft:filled_map":7,"minecraft:chainmail_chestplate":1,"minecraft:gunpowder":54,"the_bumblezone:super_candle_purple":2,"minecraft:lapis_lazuli":60,"minecraft:dirt":6,"minecraft:name_tag":3,"minecraft:polished_granite":3,"minecraft:cooked_mutton":4,"the_bumblezone:honey_compass":3,"minecraft:bone":147,"minecraft:acacia_planks":42,"minecraft:stone_bricks":16,"minecraft:bow":1,"minecraft:wheat_seeds":9,"minecraft:iron_ingot":7,"the_bumblezone:bee_bread":5,"minecraft:bamboo":18,"minecraft:iron_sword":2,"minecraft:oak_planks":3,"minecraft:honeycomb":32,"the_bumblezone:beehive_beeswax":7,"minecraft:emerald_block":4,"minecraft:pitcher_plant":3,"patchouli:guide_book":3,"minecraft:quartz":24,"minecraft:gravel":16,"minecraft:jungle_planks":18,"minecraft:spruce_sapling":2,"minecraft:white_bed":4,"minecraft:diamond_block":4,"minecraft:spider_eye":10,"minecraft:spectral_arrow":1,"minecraft:dark_oak_log":3,"minecraft:skeleton_spawn_egg":12,"minecraft:sugar":12,"minecraft:slime_ball":12,"minecraft:diamond":6,"minecraft:lever":5,"minecraft:honey_block":8,"the_bumblezone:pollen_puff":369,"minecraft:cherry_sapling":1,"minecraft:emerald":9,"minecraft:coal":35,"iceandfire:raw_silver":10,"minecraft:diamond_pickaxe":2},"minecraft:used":{"the_bumblezone:bee_bread":11,"iceandfire:dragon_skull_ice":1,"minecraft:chest":1,"minecraft:shield":1,"minecraft:iron_sword":29,"the_bumblezone:carvable_wax_diamond":4,"minecraft:torch":6,"minecraft:dirt":2,"the_bumblezone:porous_honeycomb_block":74,"minecraft:wooden_axe":45,"minecraft:stone_brick_stairs":4,"minecraft:stone_bricks":8,"minecraft:honeycomb_block":272,"minecraft:bow":10,"minecraft:calcite":10,"minecraft:cooked_mutton":4,"minecraft:diamond_boots":1,"the_bumblezone:honey_crystal_shards":37,"minecraft:acacia_trapdoor":2,"minecraft:wooden_pickaxe":36,"minecraft:cherry_planks":68,"simplyswords:diamond_halberd":220,"minecraft:jungle_boat":4,"minecraft:white_wool":3,"the_bumblezone:pollen_puff":55,"minecraft:crafting_table":5,"minecraft:white_bed":5,"minecraft:piston":2,"minecraft:lever":5,"minecraft:diamond_pickaxe":118,"minecraft:apple":14,"minecraft:bread":16,"minecraft:iron_pickaxe":244,"minecraft:polished_granite":1,"minecraft:gravel":4,"minecraft:cobblestone":3,"minecraft:coarse_dirt":1},"minecraft:mined":{"minecraft:white_bed":4,"iceandfire:silver_ore":2,"minecraft:cherry_log":14,"the_bumblezone:glistering_honey_crystal":18,"the_bumblezone:beehive_beeswax":6,"minecraft:grass_block":1,"minecraft:brown_wool":2,"minecraft:coal_block":8,"the_bumblezone:carvable_wax":24,"the_bumblezone:filled_porous_honeycomb_block":13,"minecraft:spawner":4,"minecraft:diamond_block":1,"minecraft:peony":2,"the_bumblezone:honey_crystal":29,"minecraft:bamboo":1,"minecraft:stone":6,"minecraft:white_wool":24,"minecraft:tripwire":2,"minecraft:cherry_planks":14,"minecraft:polished_granite":1,"the_bumblezone:pile_of_pollen":170,"minecraft:crafting_table":3,"minecraft:honey_block":2,"minecraft:calcite":10,"minecraft:chest":1,"minecraft:tall_grass":12,"minecraft:cobblestone":1,"minecraft:honeycomb_block":289,"minecraft:wall_torch":3,"the_bumblezone:porous_honeycomb_block":72,"minecraft:pink_petals":19,"minecraft:coarse_dirt":1,"minecraft:stone_brick_stairs":4,"minecraft:grass":4,"minecraft:cherry_leaves":11,"minecraft:gravel":4,"minecraft:dirt":2,"minecraft:sandstone_wall":1,"minecraft:cobweb":9,"minecraft:stone_bricks":8,"minecraft:piston":1,"minecraft:emerald_block":1},"minecraft:broken":{"minecraft:iron_pickaxe":1},"minecraft:custom":{"minecraft:mob_kills":62,"minecraft:interact_with_crafting_table":15,"minecraft:leave_game":5,"minecraft:time_since_death":7087,"minecraft:climb_one_cm":17010,"minecraft:sprint_one_cm":161230,"minecraft:walk_one_cm":335091,"minecraft:damage_blocked_by_shield":51,"minecraft:drop":32,"minecraft:damage_dealt_absorbed":120,"minecraft:play_time":133137,"minecraft:deaths":9,"minecraft:sneak_time":17667,"minecraft:walk_under_water_one_cm":10103,"minecraft:boat_one_cm":62108,"minecraft:jump":2018,"minecraft:walk_on_water_one_cm":6778,"minecraft:total_world_time":133321,"minecraft:interact_with_furnace":1,"minecraft:sleep_in_bed":7,"minecraft:time_since_rest":877,"minecraft:damage_taken":4848,"minecraft:damage_dealt":8542,"minecraft:swim_one_cm":21363,"minecraft:fly_one_cm":269905,"minecraft:open_chest":30,"minecraft:crouch_one_cm":53303,"minecraft:fall_one_cm":52040},"minecraft:crafted":{"minecraft:piston":1,"minecraft:dark_oak_planks":4,"minecraft:crafting_table":1,"minecraft:jungle_boat":1,"minecraft:acacia_trapdoor":2,"minecraft:diamond_pickaxe":1,"minecraft:stick":11,"minecraft:white_bed":1,"minecraft:acacia_planks":12}},"DataVersion":3465}