{"stats":{"minecraft:killed":{"the_bumblezone:honey_slime":7,"minecraft:sheep":3,"minecraft:skeleton":21,"minecraft:zombie":1},"minecraft:dropped":{"minecraft:iron_ingot":24,"minecraft:iron_sword":1,"minecraft:iron_helmet":1,"minecraft:rotten_flesh":6,"minecraft:torch":5,"minecraft:mutton":3,"minecraft:iron_leggings":1,"minecraft:iron_pickaxe":1,"minecraft:pink_petals":10,"minecraft:white_wool":1},"minecraft:killed_by":{"minecraft:skeleton":4},"minecraft:picked_up":{"minecraft:wooden_axe":3,"the_bumblezone:porous_honeycomb_block":34,"minecraft:coarse_dirt":1,"minecraft:pink_petals":130,"minecraft:crafting_table":6,"the_bumblezone:honey_crystal_shards":1,"minecraft:repeater":11,"minecraft:cherry_planks":234,"minecraft:wooden_pickaxe":3,"minecraft:filled_map":1,"minecraft:wither_rose":3,"minecraft:stone_brick_stairs":10,"minecraft:lapis_lazuli":24,"minecraft:string":4,"minecraft:dirt":6,"the_bumblezone:honey_slime_spawn_egg":1,"minecraft:polished_granite":3,"minecraft:item_frame":6,"minecraft:cooked_mutton":4,"minecraft:bone":48,"minecraft:acacia_planks":36,"minecraft:stone_bricks":16,"minecraft:bow":1,"minecraft:wheat_seeds":9,"minecraft:comparator":10,"minecraft:iron_ingot":7,"minecraft:redstone_torch":3,"minecraft:calcite":10,"the_bumblezone:bee_bread":5,"minecraft:iron_pickaxe":1,"minecraft:bamboo":18,"minecraft:coal_block":11,"minecraft:chest":4,"minecraft:oak_planks":3,"minecraft:piston":1,"minecraft:stick":27,"iceandfire:dragonbone":21,"minecraft:torch":5,"minecraft:quartz":8,"minecraft:gravel":12,"minecraft:sandstone_wall":1,"minecraft:jungle_planks":18,"minecraft:honeycomb_block":45,"minecraft:cherry_log":14,"minecraft:spruce_sapling":2,"minecraft:white_bed":3,"minecraft:spectral_arrow":1,"minecraft:dark_oak_log":3,"iceandfire:dragon_skull_ice":4,"minecraft:skeleton_spawn_egg":3,"minecraft:slime_ball":3,"minecraft:arrow":28,"minecraft:sugar":3,"minecraft:diamond":6,"minecraft:peony":3,"minecraft:lever":5,"the_bumblezone:pollen_puff":38,"minecraft:cherry_sapling":1,"minecraft:gold_ingot":56,"minecraft:mutton":3,"minecraft:obsidian":24,"minecraft:coal":7,"iceandfire:raw_silver":4,"minecraft:white_wool":5,"minecraft:cobblestone":10},"minecraft:mined":{"minecraft:white_bed":3,"minecraft:cherry_planks":14,"iceandfire:silver_ore":2,"minecraft:cherry_log":14,"minecraft:polished_granite":1,"the_bumblezone:pile_of_pollen":27,"minecraft:crafting_table":2,"minecraft:grass_block":1,"minecraft:calcite":10,"minecraft:chest":1,"minecraft:coal_block":8,"minecraft:tall_grass":12,"minecraft:cobblestone":1,"minecraft:honeycomb_block":45,"minecraft:wall_torch":3,"the_bumblezone:porous_honeycomb_block":36,"minecraft:spawner":4,"minecraft:pink_petals":19,"minecraft:coarse_dirt":1,"minecraft:peony":2,"minecraft:stone_brick_stairs":4,"minecraft:grass":4,"minecraft:cherry_leaves":11,"minecraft:gravel":4,"minecraft:dirt":2,"minecraft:sandstone_wall":1,"minecraft:bamboo":1,"minecraft:stone_bricks":8,"minecraft:stone":6,"minecraft:piston":1,"minecraft:tripwire":2},"minecraft:used":{"minecraft:calcite":10,"minecraft:cooked_mutton":3,"the_bumblezone:bee_bread":1,"minecraft:acacia_trapdoor":1,"iceandfire:dragon_skull_ice":1,"minecraft:chest":1,"minecraft:wooden_pickaxe":36,"minecraft:cherry_planks":51,"minecraft:iron_sword":16,"simplyswords:diamond_halberd":113,"minecraft:torch":5,"minecraft:dirt":2,"the_bumblezone:pollen_puff":16,"minecraft:crafting_table":3,"the_bumblezone:porous_honeycomb_block":22,"minecraft:white_bed":3,"minecraft:piston":2,"minecraft:wooden_axe":45,"minecraft:lever":5,"minecraft:apple":14,"minecraft:bread":9,"minecraft:iron_pickaxe":244,"minecraft:polished_granite":1,"minecraft:stone_brick_stairs":1,"minecraft:stone_bricks":8,"minecraft:cobblestone":3,"minecraft:bow":3,"minecraft:coarse_dirt":1},"minecraft:broken":{"minecraft:iron_pickaxe":1},"minecraft:custom":{"minecraft:interact_with_furnace":1,"minecraft:mob_kills":32,"minecraft:interact_with_crafting_table":8,"minecraft:leave_game":4,"minecraft:time_since_death":28981,"minecraft:sleep_in_bed":5,"minecraft:climb_one_cm":16732,"minecraft:time_since_rest":22280,"minecraft:sprint_one_cm":113950,"minecraft:damage_taken":2489,"minecraft:walk_one_cm":155143,"minecraft:drop":22,"minecraft:damage_dealt":5257,"minecraft:swim_one_cm":2870,"minecraft:fly_one_cm":215459,"minecraft:open_chest":30,"minecraft:crouch_one_cm":12262,"minecraft:play_time":66539,"minecraft:deaths":5,"minecraft:sneak_time":4463,"minecraft:walk_under_water_one_cm":159,"minecraft:jump":1164,"minecraft:walk_on_water_one_cm":80,"minecraft:total_world_time":66723,"minecraft:fall_one_cm":26945},"minecraft:crafted":{"minecraft:acacia_trapdoor":2,"minecraft:piston":1,"minecraft:stick":7,"minecraft:white_bed":1,"minecraft:acacia_planks":12}},"DataVersion":3465}