{"stats":{"minecraft:killed":{"minecraft:sheep":3,"minecraft:skeleton":21},"minecraft:dropped":{"minecraft:iron_ingot":24,"minecraft:iron_sword":1,"minecraft:iron_helmet":1,"minecraft:torch":5,"minecraft:mutton":3,"minecraft:iron_leggings":1,"minecraft:iron_pickaxe":1,"minecraft:pink_petals":5,"minecraft:white_wool":1},"minecraft:killed_by":{"minecraft:skeleton":4},"minecraft:picked_up":{"minecraft:wooden_axe":3,"minecraft:pink_petals":130,"minecraft:crafting_table":6,"minecraft:repeater":11,"minecraft:cherry_planks":234,"minecraft:wooden_pickaxe":3,"minecraft:filled_map":1,"minecraft:wither_rose":3,"minecraft:stone_brick_stairs":10,"minecraft:lapis_lazuli":24,"minecraft:string":4,"minecraft:dirt":6,"minecraft:polished_granite":3,"minecraft:cooked_mutton":4,"minecraft:bone":48,"minecraft:acacia_planks":36,"minecraft:stone_bricks":16,"minecraft:bow":1,"minecraft:wheat_seeds":9,"minecraft:comparator":10,"minecraft:iron_ingot":6,"minecraft:redstone_torch":3,"minecraft:iron_pickaxe":1,"minecraft:bamboo":18,"minecraft:coal_block":11,"minecraft:chest":4,"minecraft:oak_planks":3,"minecraft:stick":27,"iceandfire:dragonbone":21,"minecraft:torch":2,"minecraft:quartz":8,"minecraft:gravel":12,"minecraft:sandstone_wall":1,"minecraft:jungle_planks":18,"minecraft:cherry_log":14,"minecraft:spruce_sapling":2,"minecraft:white_bed":2,"minecraft:spectral_arrow":1,"minecraft:dark_oak_log":3,"iceandfire:dragon_skull_ice":4,"minecraft:skeleton_spawn_egg":3,"minecraft:arrow":28,"minecraft:diamond":6,"minecraft:peony":3,"minecraft:cherry_sapling":1,"minecraft:gold_ingot":56,"minecraft:mutton":3,"minecraft:obsidian":24,"minecraft:coal":7,"iceandfire:raw_silver":4,"minecraft:white_wool":5,"minecraft:cobblestone":9},"minecraft:mined":{"minecraft:white_bed":2,"minecraft:cherry_planks":14,"iceandfire:silver_ore":2,"minecraft:cherry_log":14,"minecraft:polished_granite":1,"minecraft:crafting_table":2,"minecraft:grass_block":1,"minecraft:chest":1,"minecraft:coal_block":8,"minecraft:tall_grass":11,"minecraft:cobblestone":1,"minecraft:spawner":4,"minecraft:pink_petals":19,"minecraft:peony":2,"minecraft:stone_brick_stairs":4,"minecraft:grass":4,"minecraft:cherry_leaves":11,"minecraft:gravel":4,"minecraft:dirt":2,"minecraft:sandstone_wall":1,"minecraft:bamboo":1,"minecraft:stone_bricks":8,"minecraft:stone":5,"minecraft:tripwire":2},"minecraft:used":{"minecraft:cooked_mutton":3,"iceandfire:dragon_skull_ice":1,"minecraft:chest":1,"minecraft:wooden_pickaxe":36,"minecraft:cherry_planks":14,"minecraft:iron_sword":16,"simplyswords:diamond_halberd":95,"minecraft:torch":1,"minecraft:dirt":2,"minecraft:crafting_table":2,"minecraft:white_bed":3,"minecraft:wooden_axe":45,"minecraft:apple":11,"minecraft:bread":9,"minecraft:iron_pickaxe":38,"minecraft:stone_brick_stairs":1,"minecraft:stone_bricks":4,"minecraft:cobblestone":3,"minecraft:bow":3},"minecraft:custom":{"minecraft:interact_with_furnace":1,"minecraft:mob_kills":24,"minecraft:interact_with_crafting_table":3,"minecraft:leave_game":4,"minecraft:time_since_death":4981,"minecraft:sleep_in_bed":3,"minecraft:climb_one_cm":14964,"minecraft:time_since_rest":147,"minecraft:sprint_one_cm":105541,"minecraft:damage_taken":2365,"minecraft:walk_one_cm":119102,"minecraft:drop":20,"minecraft:damage_dealt":4907,"minecraft:swim_one_cm":2870,"minecraft:fly_one_cm":190676,"minecraft:open_chest":27,"minecraft:crouch_one_cm":6486,"minecraft:play_time":42539,"minecraft:deaths":5,"minecraft:sneak_time":1286,"minecraft:walk_under_water_one_cm":159,"minecraft:jump":831,"minecraft:walk_on_water_one_cm":80,"minecraft:total_world_time":42723,"minecraft:fall_one_cm":21278},"minecraft:crafted":{"minecraft:stick":7,"minecraft:white_bed":1,"minecraft:acacia_planks":12}},"DataVersion":3465}