{"stats":{"minecraft:used":{"adventurez:spawn_enderwarthog":1,"minecraft:dark_oak_log":2,"ribbits:ribbit_fisherman_spawn_egg":2,"adventurez:spawn_dragon":2,"ribbits:ribbit_sorcerer_spawn_egg":2,"minecraft:ender_pearl":2,"minecraft:iron_helmet":1,"adventurez:spawn_skeleton_vanguard":1,"adventurez:spawn_iguana":4,"ribbits:ribbit_nitwit_spawn_egg":24,"adventurez:spawn_soul_reaper":1,"adventurez:spawn_mini_blackstone_golem":2,"connectedglass:tinted_borderless_glass_light_gray":7,"minecraft:dirt":3,"adventurez:prime_eye":5,"minecraft:potion":1,"ribbits:ribbit_merchant_spawn_egg":5,"ribbits:ribbit_gardener_spawn_egg":5,"minecraft:crafting_table":1,"minecraft:goat_horn":1,"minecraft:bee_nest":1,"minecraft:purple_wool":2},"minecraft:dropped":{"deeperdarker:heart_of_the_deep":1},"minecraft:custom":{"minecraft:time_since_rest":7394,"minecraft:damage_taken":1198,"minecraft:sprint_one_cm":27248,"minecraft:walk_one_cm":47364,"minecraft:drop":1,"minecraft:damage_dealt":429,"minecraft:interact_with_crafting_table":2,"minecraft:fly_one_cm":338575,"minecraft:open_barrel":1,"minecraft:open_chest":6,"minecraft:crouch_one_cm":641,"minecraft:play_time":34937,"minecraft:deaths":4,"minecraft:sneak_time":1520,"minecraft:walk_under_water_one_cm":5590,"minecraft:jump":320,"minecraft:leave_game":1,"minecraft:time_since_death":7260,"minecraft:walk_on_water_one_cm":1535,"minecraft:sleep_in_bed":1,"minecraft:total_world_time":34937,"minecraft:fall_one_cm":7630},"minecraft:mined":{"minecraft:purple_wool":3,"minecraft:grass_block":2,"minecraft:dirt":1,"minecraft:oak_leaves":3},"minecraft:killed_by":{"minecraft:vindicator":2,"minecraft:pillager":1},"minecraft:crafted":{"minecraft:crafting_table":1},"minecraft:picked_up":{"minecraft:purple_wool":3,"patchouli:guide_book":1,"deeperdarker:heart_of_the_deep":1,"minecraft:dirt":3}},"DataVersion":3465}