{"stats":{"minecraft:used":{"iceandfire:spawn_egg_death_worm":1,"iceandfire:spawn_egg_hydra":10,"adventurez:spawn_enderwarthog":5,"minecraft:dark_oak_log":2,"ribbits:ribbit_fisherman_spawn_egg":2,"adventurez:spawn_dragon":6,"ribbits:ribbit_sorcerer_spawn_egg":2,"iceandfire:spawn_egg_dread_ghoul":2,"minecraft:ender_pearl":2,"minecraft:iron_helmet":1,"adventurez:spawn_skeleton_vanguard":2,"adventurez:spawn_iguana":4,"ribbits:ribbit_nitwit_spawn_egg":24,"iceandfire:spawn_egg_cyclops":1,"iceandfire:dragonsteel_ice_sword":35,"adventurez:spawn_soul_reaper":2,"adventurez:spawn_mini_blackstone_golem":3,"connectedglass:tinted_borderless_glass_light_gray":7,"iceandfire:spawn_egg_myrmex_soldier":1,"minecraft:dirt":3,"adventurez:prime_eye":7,"minecraft:potion":1,"ribbits:ribbit_merchant_spawn_egg":5,"iceandfire:spawn_egg_pixie":2,"ribbits:ribbit_gardener_spawn_egg":5,"minecraft:crafting_table":1,"minecraft:goat_horn":1,"simplyswords:iron_twinblade":25,"minecraft:bee_nest":1,"iceandfire:spawn_egg_fire_dragon":16,"minecraft:purple_wool":2},"minecraft:dropped":{"deeperdarker:heart_of_the_deep":1},"minecraft:killed":{"bosses_of_mass_destruction:void_blossom":1},"minecraft:custom":{"minecraft:time_since_rest":19394,"minecraft:damage_taken":1198,"minecraft:sprint_one_cm":32313,"minecraft:walk_one_cm":76175,"minecraft:trigger_trapped_chest":2,"minecraft:mob_kills":1,"minecraft:interact_with_anvil":1,"minecraft:drop":1,"minecraft:damage_dealt":6512,"minecraft:interact_with_crafting_table":2,"minecraft:fly_one_cm":525244,"minecraft:open_barrel":1,"minecraft:open_chest":10,"minecraft:crouch_one_cm":837,"minecraft:play_time":46937,"minecraft:deaths":4,"minecraft:sneak_time":1756,"minecraft:walk_under_water_one_cm":5590,"minecraft:jump":432,"minecraft:interact_with_brewingstand":1,"minecraft:leave_game":1,"minecraft:time_since_death":19260,"minecraft:walk_on_water_one_cm":1535,"minecraft:sleep_in_bed":1,"minecraft:climb_one_cm":249,"minecraft:total_world_time":46937,"minecraft:fall_one_cm":7630},"minecraft:mined":{"minecraft:purple_wool":3,"minecraft:grass_block":2,"minecraft:dirt":1,"minecraft:oak_leaves":3},"minecraft:killed_by":{"minecraft:vindicator":2,"minecraft:pillager":1},"minecraft:crafted":{"minecraft:crafting_table":1},"minecraft:picked_up":{"minecraft:purple_wool":3,"minecraft:chicken":1,"patchouli:guide_book":1,"bosses_of_mass_destruction:crystal_fruit":2,"deeperdarker:heart_of_the_deep":1,"bosses_of_mass_destruction:void_thorn":2,"minecraft:oak_log":8,"minecraft:dirt":3,"minecraft:oak_sapling":1}},"DataVersion":3465}