{"stats":{"minecraft:used":{"minecraft:dirt":3,"minecraft:dark_oak_log":2,"minecraft:crafting_table":1,"minecraft:goat_horn":1,"minecraft:iron_helmet":1,"minecraft:purple_wool":2},"minecraft:custom":{"minecraft:open_barrel":1,"minecraft:time_since_rest":4891,"minecraft:open_chest":6,"minecraft:crouch_one_cm":30,"minecraft:play_time":10937,"minecraft:sprint_one_cm":24284,"minecraft:deaths":3,"minecraft:damage_taken":1038,"minecraft:walk_one_cm":20342,"minecraft:sneak_time":11,"minecraft:jump":234,"minecraft:damage_dealt":20,"minecraft:leave_game":1,"minecraft:time_since_death":7291,"minecraft:sleep_in_bed":1,"minecraft:total_world_time":10937,"minecraft:interact_with_crafting_table":2,"minecraft:fall_one_cm":7630,"minecraft:fly_one_cm":37493},"minecraft:mined":{"minecraft:purple_wool":3,"minecraft:grass_block":2,"minecraft:dirt":1,"minecraft:oak_leaves":3},"minecraft:killed_by":{"minecraft:vindicator":2,"minecraft:pillager":1},"minecraft:crafted":{"minecraft:crafting_table":1},"minecraft:picked_up":{"minecraft:purple_wool":3,"patchouli:guide_book":1,"minecraft:dirt":3}},"DataVersion":3465}