{"stats":{"minecraft:killed":{"the_bumblezone:honey_slime":7,"minecraft:skeleton":21,"minecraft:bee":1,"minecraft:sheep":3,"minecraft:zombie":1},"minecraft:dropped":{"minecraft:iron_ingot":24,"minecraft:iron_sword":1,"the_bumblezone:pollen_puff":29,"minecraft:iron_helmet":1,"minecraft:torch":5,"minecraft:mutton":3,"minecraft:iron_leggings":1,"minecraft:iron_pickaxe":1,"minecraft:pink_petals":10,"minecraft:white_wool":1,"minecraft:honeycomb_block":1,"minecraft:gravel":4,"minecraft:rotten_flesh":6,"the_bumblezone:bee_bread":3,"the_bumblezone:super_candle_purple":2,"minecraft:bamboo":1},"minecraft:killed_by":{"minecraft:skeleton":4},"minecraft:picked_up":{"minecraft:wooden_axe":3,"the_bumblezone:porous_honeycomb_block":74,"minecraft:crafting_table":7,"minecraft:coarse_dirt":1,"the_bumblezone:honey_crystal_shards":72,"minecraft:wooden_pickaxe":3,"minecraft:wither_rose":3,"minecraft:stone_brick_stairs":10,"minecraft:amethyst_block":10,"minecraft:string":5,"the_bumblezone:honey_slime_spawn_egg":1,"minecraft:item_frame":7,"minecraft:comparator":11,"minecraft:redstone_torch":3,"minecraft:calcite":10,"minecraft:iron_pickaxe":1,"minecraft:coal_block":11,"minecraft:chest":4,"minecraft:piston":1,"minecraft:stick":27,"iceandfire:dragonbone":21,"minecraft:torch":5,"minecraft:sandstone_wall":1,"minecraft:honeycomb_block":262,"minecraft:cherry_log":14,"iceandfire:dragon_skull_ice":4,"minecraft:arrow":28,"minecraft:peony":3,"minecraft:gold_ingot":56,"minecraft:obsidian":24,"minecraft:mutton":3,"minecraft:white_wool":5,"minecraft:cobblestone":10,"minecraft:pink_petals":130,"minecraft:jungle_boat":4,"minecraft:repeater":11,"minecraft:cherry_planks":234,"minecraft:brown_wool":2,"minecraft:filled_map":1,"the_bumblezone:super_candle_purple":2,"minecraft:lapis_lazuli":24,"minecraft:dirt":6,"minecraft:polished_granite":3,"minecraft:cooked_mutton":4,"minecraft:bone":48,"minecraft:acacia_planks":36,"minecraft:stone_bricks":16,"minecraft:bow":1,"minecraft:wheat_seeds":9,"minecraft:iron_ingot":7,"the_bumblezone:bee_bread":5,"minecraft:bamboo":18,"minecraft:oak_planks":3,"minecraft:honeycomb":5,"minecraft:emerald_block":1,"minecraft:quartz":8,"minecraft:gravel":16,"minecraft:jungle_planks":18,"minecraft:spruce_sapling":2,"minecraft:white_bed":3,"minecraft:spectral_arrow":1,"minecraft:dark_oak_log":3,"minecraft:skeleton_spawn_egg":3,"minecraft:sugar":3,"minecraft:slime_ball":3,"minecraft:diamond":6,"minecraft:lever":5,"minecraft:honey_block":2,"the_bumblezone:pollen_puff":145,"minecraft:cherry_sapling":1,"minecraft:coal":7,"iceandfire:raw_silver":4},"minecraft:used":{"the_bumblezone:bee_bread":7,"iceandfire:dragon_skull_ice":1,"minecraft:chest":1,"minecraft:iron_sword":16,"minecraft:torch":6,"minecraft:dirt":2,"the_bumblezone:porous_honeycomb_block":69,"minecraft:wooden_axe":45,"minecraft:stone_brick_stairs":4,"minecraft:stone_bricks":8,"minecraft:honeycomb_block":197,"minecraft:bow":3,"minecraft:calcite":10,"minecraft:cooked_mutton":4,"the_bumblezone:honey_crystal_shards":13,"minecraft:acacia_trapdoor":1,"minecraft:wooden_pickaxe":36,"minecraft:cherry_planks":68,"simplyswords:diamond_halberd":119,"minecraft:jungle_boat":4,"the_bumblezone:pollen_puff":55,"minecraft:crafting_table":4,"minecraft:white_bed":3,"minecraft:piston":2,"minecraft:lever":5,"minecraft:diamond_pickaxe":116,"minecraft:apple":14,"minecraft:bread":16,"minecraft:iron_pickaxe":244,"minecraft:polished_granite":1,"minecraft:gravel":4,"minecraft:cobblestone":3,"minecraft:coarse_dirt":1},"minecraft:mined":{"minecraft:white_bed":3,"iceandfire:silver_ore":2,"minecraft:cherry_log":14,"the_bumblezone:glistering_honey_crystal":18,"minecraft:grass_block":1,"minecraft:brown_wool":2,"minecraft:coal_block":8,"the_bumblezone:filled_porous_honeycomb_block":5,"minecraft:spawner":4,"minecraft:peony":2,"the_bumblezone:honey_crystal":24,"minecraft:bamboo":1,"minecraft:stone":6,"minecraft:tripwire":2,"minecraft:cherry_planks":14,"minecraft:polished_granite":1,"the_bumblezone:pile_of_pollen":170,"minecraft:crafting_table":3,"minecraft:honey_block":2,"minecraft:calcite":10,"minecraft:chest":1,"minecraft:tall_grass":12,"minecraft:cobblestone":1,"minecraft:honeycomb_block":247,"minecraft:wall_torch":3,"the_bumblezone:porous_honeycomb_block":72,"minecraft:pink_petals":19,"minecraft:coarse_dirt":1,"minecraft:stone_brick_stairs":4,"minecraft:grass":4,"minecraft:cherry_leaves":11,"minecraft:gravel":4,"minecraft:dirt":2,"minecraft:sandstone_wall":1,"minecraft:stone_bricks":8,"minecraft:piston":1,"minecraft:emerald_block":1},"minecraft:broken":{"minecraft:iron_pickaxe":1},"minecraft:custom":{"minecraft:mob_kills":33,"minecraft:interact_with_crafting_table":11,"minecraft:leave_game":4,"minecraft:time_since_death":76981,"minecraft:climb_one_cm":16770,"minecraft:sprint_one_cm":139270,"minecraft:walk_one_cm":254584,"minecraft:drop":31,"minecraft:damage_dealt_absorbed":120,"minecraft:play_time":114539,"minecraft:deaths":5,"minecraft:sneak_time":13849,"minecraft:walk_under_water_one_cm":10103,"minecraft:boat_one_cm":62108,"minecraft:jump":1850,"minecraft:walk_on_water_one_cm":6778,"minecraft:total_world_time":114723,"minecraft:interact_with_furnace":1,"minecraft:sleep_in_bed":5,"minecraft:time_since_rest":70280,"minecraft:damage_taken":3253,"minecraft:damage_dealt":5407,"minecraft:swim_one_cm":21363,"minecraft:fly_one_cm":251812,"minecraft:open_chest":30,"minecraft:crouch_one_cm":42869,"minecraft:fall_one_cm":49523},"minecraft:crafted":{"minecraft:piston":1,"minecraft:dark_oak_planks":4,"minecraft:crafting_table":1,"minecraft:jungle_boat":1,"minecraft:acacia_trapdoor":2,"minecraft:diamond_pickaxe":1,"minecraft:stick":11,"minecraft:white_bed":1,"minecraft:acacia_planks":12}},"DataVersion":3465}