{"stats":{"minecraft:killed":{"minecraft:sheep":3,"minecraft:skeleton":4},"minecraft:dropped":{"minecraft:iron_ingot":6,"minecraft:iron_sword":1,"minecraft:mutton":3,"minecraft:iron_pickaxe":1},"minecraft:killed_by":{"minecraft:skeleton":3},"minecraft:picked_up":{"minecraft:wooden_axe":3,"minecraft:pink_petals":120,"minecraft:crafting_table":5,"minecraft:cherry_planks":182,"minecraft:wooden_pickaxe":2,"minecraft:filled_map":1,"minecraft:wither_rose":3,"minecraft:stone_brick_stairs":10,"minecraft:lapis_lazuli":24,"minecraft:dirt":6,"minecraft:polished_granite":3,"minecraft:cooked_mutton":4,"minecraft:bone":11,"minecraft:acacia_planks":36,"minecraft:stone_bricks":16,"minecraft:bow":1,"minecraft:wheat_seeds":9,"minecraft:iron_ingot":6,"minecraft:iron_pickaxe":1,"minecraft:bamboo":18,"minecraft:chest":4,"minecraft:oak_planks":3,"minecraft:stick":21,"iceandfire:dragonbone":21,"minecraft:gravel":12,"minecraft:jungle_planks":18,"minecraft:cherry_log":14,"minecraft:white_bed":2,"minecraft:spectral_arrow":1,"minecraft:dark_oak_log":3,"iceandfire:dragon_skull_ice":4,"minecraft:skeleton_spawn_egg":2,"minecraft:arrow":2,"minecraft:diamond":3,"minecraft:peony":3,"minecraft:cherry_sapling":1,"minecraft:gold_ingot":32,"minecraft:mutton":3,"minecraft:obsidian":24,"iceandfire:raw_silver":2,"minecraft:white_wool":5,"minecraft:cobblestone":9},"minecraft:mined":{"minecraft:white_bed":2,"minecraft:cherry_planks":14,"iceandfire:silver_ore":2,"minecraft:cherry_log":14,"minecraft:polished_granite":1,"minecraft:crafting_table":2,"minecraft:grass_block":1,"minecraft:chest":1,"minecraft:tall_grass":11,"minecraft:cobblestone":1,"minecraft:pink_petals":19,"minecraft:peony":2,"minecraft:stone_brick_stairs":4,"minecraft:grass":4,"minecraft:cherry_leaves":11,"minecraft:gravel":4,"minecraft:dirt":2,"minecraft:bamboo":1,"minecraft:stone_bricks":8,"minecraft:stone":5},"minecraft:used":{"minecraft:cooked_mutton":1,"minecraft:wooden_pickaxe":36,"minecraft:cherry_planks":14,"minecraft:iron_sword":16,"minecraft:dirt":2,"minecraft:crafting_table":2,"minecraft:white_bed":2,"minecraft:wooden_axe":45,"minecraft:apple":10,"minecraft:bread":4,"minecraft:iron_pickaxe":6,"minecraft:stone_brick_stairs":1,"minecraft:stone_bricks":4,"minecraft:cobblestone":3,"minecraft:bow":3},"minecraft:custom":{"minecraft:interact_with_furnace":1,"minecraft:mob_kills":7,"minecraft:interact_with_crafting_table":3,"minecraft:leave_game":4,"minecraft:time_since_death":3120,"minecraft:sleep_in_bed":2,"minecraft:climb_one_cm":5685,"minecraft:time_since_rest":3254,"minecraft:sprint_one_cm":98032,"minecraft:damage_taken":1667,"minecraft:walk_one_cm":62186,"minecraft:drop":6,"minecraft:damage_dealt":995,"minecraft:swim_one_cm":2870,"minecraft:fly_one_cm":184974,"minecraft:open_chest":10,"minecraft:crouch_one_cm":1441,"minecraft:play_time":30539,"minecraft:deaths":4,"minecraft:sneak_time":342,"minecraft:walk_under_water_one_cm":159,"minecraft:jump":750,"minecraft:walk_on_water_one_cm":80,"minecraft:total_world_time":30723,"minecraft:fall_one_cm":20289},"minecraft:crafted":{"minecraft:stick":7,"minecraft:white_bed":1,"minecraft:acacia_planks":12}},"DataVersion":3465}